1,Rhett,Siberry,rsiberry0@bluehost.com,Male,120.23.156.61
2,Edithe,Haygreen,ehaygreen1@digg.com,Bigender,177.242.238.174
3,Lorelei,Patsall,lpatsall2@fc2.com,Female,166.52.105.226
4,Claudell,Joppich,cjoppich3@answers.com,Male,99.115.133.252
5,Amitie,Arrol,aarrol4@jiathis.com,Female,73.25.5.215
6,Vasili,Josephy,vjosephy5@ox.ac.uk,Male,47.91.110.18
7,Fielding,Janczak,fjanczak6@ca.gov,Male,50.24.115.124
8,Wildon,Puckinghorne,wpuckinghorne7@themeforest.net,Male,138.145.4.52
9,Meggie,Braiden,mbraiden8@time.com,Female,116.84.145.104
10,Kendell,Lotte,klotte9@webnode.com,Male,201.118.194.143
11,Harland,Whisson,hwhissona@google.co.uk,Male,21.5.14.123
12,Lou,Dict,ldictb@moonfruit.com,Female,10.54.95.224
13,Alvan,Zelley,azelleyc@wix.com,Male,63.142.187.133
14,Rhianna,Godsal,rgodsald@msu.edu,Female,232.158.26.202
15,Rani,Le Grice,rlegricee@sakura.ne.jp,Female,53.29.118.249
16,Lenee,Perot,lperotf@walmart.com,Female,44.123.99.186
17,Ganny,Dowey,gdoweyg@friendfeed.com,Male,200.248.122.126
18,Netti,Klich,nklichh@jugem.jp,Female,149.109.51.153
19,Alyda,Colten,acolteni@imageshack.us,Female,150.171.244.39
20,Basile,Feasby,bfeasbyj@etsy.com,Male,236.187.25.45
21,Bail,Edgecumbe,bedgecumbek@phoca.cz,Male,147.161.125.88
22,Evangelia,Edlyn,eedlynl@berkeley.edu,Female,249.57.88.250
23,Maegan,Yurasov,myurasovm@indiatimes.com,Female,86.232.207.174
24,Ted,Kirman,tkirmann@smugmug.com,Female,74.25.174.26
25,Dona,Frugier,dfrugiero@amazon.co.jp,Polygender,66.195.210.6
26,Hillier,Launder,hlaunderp@meetup.com,Male,116.25.240.236
27,Rolf,Sowrey,rsowreyq@globo.com,Male,105.14.43.85
28,Judye,Capper,jcapperr@blogtalkradio.com,Female,255.79.239.23
29,Gifford,Mettetal,gmettetals@last.fm,Male,12.47.239.153
30,Leigh,Torel,ltorelt@jalbum.net,Male,124.169.104.64
31,Floria,Baudic,fbaudicu@github.io,Female,5.136.67.53
32,Shina,Mattholie,smattholiev@intel.com,Genderqueer,237.20.177.145
33,Panchito,Shawcroft,pshawcroftw@comcast.net,Male,122.163.73.47
34,Barth,Bartosinski,bbartosinskix@squidoo.com,Male,175.242.34.213
35,Nial,Urrey,nurreyy@thetimes.co.uk,Male,157.29.240.152
36,Alethea,Domleo,adomleoz@blinklist.com,Female,186.166.167.183
37,Avery,Pulman,apulman10@dagondesign.com,Male,207.181.101.229
38,Joline,Cotelard,jcotelard11@noaa.gov,Female,4.183.239.223
39,Sharla,Herries,sherries12@rakuten.co.jp,Female,132.55.45.189
40,Gracia,Damsell,gdamsell13@sohu.com,Female,125.29.192.145
41,Devonne,Younger,dyounger14@japanpost.jp,Female,116.232.214.232
42,Greggory,Spurden,gspurden15@theguardian.com,Male,226.136.47.203
43,Keslie,Bysaker,kbysaker16@globo.com,Female,204.17.61.7
44,Lori,Perrat,lperrat17@newyorker.com,Genderqueer,178.90.195.124
45,Corbin,Sewter,csewter18@nationalgeographic.com,Polygender,62.126.71.35
46,Nate,Goundry,ngoundry19@facebook.com,Male,189.201.85.86
47,Alyosha,Treweke,atreweke1a@washingtonpost.com,Male,76.129.175.211
48,Ivonne,Durrad,idurrad1b@newyorker.com,Female,92.24.32.67
49,Anya,Bladen,abladen1c@ezinearticles.com,Non-binary,143.125.221.36
50,Tann,Gibbs,tgibbs1d@gov.uk,Male,22.119.245.250
51,Averil,Lorkings,alorkings1e@addtoany.com,Female,125.19.172.225
52,Gretal,Bunner,gbunner1f@telegraph.co.uk,Female,215.169.175.63
53,Letty,Doust,ldoust1g@elpais.com,Female,245.157.63.43
54,Diahann,Avramovsky,davramovsky1h@qq.com,Female,118.13.46.214
55,Ashlin,Cremen,acremen1i@google.es,Male,237.201.22.100
56,Lawton,Elliker,lelliker1j@house.gov,Male,177.161.230.145
57,Dyann,Fante,dfante1k@mtv.com,Female,117.99.152.43
58,Lanna,Redgewell,lredgewell1l@tumblr.com,Female,133.248.60.154
59,Ingrim,Biddy,ibiddy1m@springer.com,Male,191.210.122.54
60,Padraic,Yankishin,pyankishin1n@un.org,Male,36.238.167.217
61,Trude,Alvar,talvar1o@buzzfeed.com,Female,153.82.187.132
62,Gae,Behnen,gbehnen1p@purevolume.com,Female,176.88.253.88
63,Izak,Francescuzzi,ifrancescuzzi1q@networksolutions.com,Male,30.111.75.83
64,Ryan,Riccard,rriccard1r@mail.ru,Male,169.213.225.172
65,Freida,Volke,fvolke1s@nba.com,Non-binary,162.87.131.142
66,Gaspar,Djurdjevic,gdjurdjevic1t@friendfeed.com,Male,215.66.57.18
67,Lon,Delaprelle,ldelaprelle1u@last.fm,Male,20.252.189.134
68,Hershel,Arber,harber1v@fastcompany.com,Male,232.202.244.239
69,Grant,Cristofari,gcristofari1w@cdc.gov,Male,73.241.51.81
70,Adara,Petrelli,apetrelli1x@biblegateway.com,Female,169.234.100.202
71,Ebenezer,Grishin,egrishin1y@smh.com.au,Male,126.139.255.17
72,Iago,Ishak,iishak1z@cisco.com,Male,201.119.100.156
73,Debora,Tolwood,dtolwood20@1und1.de,Female,129.169.226.162
74,Dante,Gilluley,dgilluley21@oaic.gov.au,Male,14.245.92.208
75,Ellary,Corsham,ecorsham22@furl.net,Male,253.89.168.122
76,Kali,Tibbits,ktibbits23@desdev.cn,Female,155.142.74.32
77,Herculie,Deares,hdeares24@studiopress.com,Male,47.196.196.65
78,Theadora,Cheesman,tcheesman25@addthis.com,Female,207.114.99.196
79,Todd,Forward,tforward26@google.fr,Male,10.156.27.206
80,Roxanne,Stratiff,rstratiff27@bravesites.com,Female,77.170.33.13
81,Gregor,Curbishley,gcurbishley28@constantcontact.com,Male,178.61.66.188
82,Jory,Ingraham,jingraham29@blogspot.com,Male,205.58.85.202
83,Hettie,McDyer,hmcdyer2a@xing.com,Female,236.92.244.59
84,Clevie,Nevill,cnevill2b@bluehost.com,Male,43.14.93.10
85,Clyve,Mathelin,cmathelin2c@about.me,Male,51.168.91.79
86,Kermie,Waterstone,kwaterstone2d@shutterfly.com,Male,45.156.87.232
87,Essie,Barck,ebarck2e@rakuten.co.jp,Genderqueer,187.109.114.235
88,Catharina,Godmer,cgodmer2f@booking.com,Female,217.11.142.205
89,Lancelot,Jager,ljager2g@blog.com,Male,14.159.143.54
90,Jere,Hurtado,jhurtado2h@deviantart.com,Female,91.254.220.177
91,Felicdad,Asals,fasals2i@prweb.com,Genderqueer,180.14.121.71
92,Phylis,McRonald,pmcronald2j@prweb.com,Female,230.147.89.49
93,Jerome,Eingerfield,jeingerfield2k@amazon.co.uk,Male,172.188.212.65
94,Hillier,Robillard,hrobillard2l@who.int,Male,35.78.163.199
95,Vittorio,Overal,voveral2m@youku.com,Male,35.140.140.153
96,Edin,Anfrey,eanfrey2n@yellowpages.com,Female,214.17.66.45
97,Jacquelyn,Matton,jmatton2o@hostgator.com,Female,59.154.161.150
98,Dorothea,Eckels,deckels2p@bigcartel.com,Female,142.208.214.169
99,Lorelei,Panter,lpanter2q@icq.com,Female,244.52.95.147
100,Pat,Froggatt,pfroggatt2r@g.co,Female,94.87.89.241
